-4.070919898023543055e+02,-7.568905161875159138e+02
9.632783906272442209e+01,7.018619852943108981e+02
-8.211136937242318936e+02,1.591951229627729276e+02
2.409186515129825423e+01,8.925521476874787368e+02
1.054869925541390330e+03,-8.256311047830480447e+02
2.053473648305974280e+02,7.111120763267082339e+02
-5.049930391870692006e+02,-7.174070858472259715e+02
-4.394198969884370172e+02,-6.492038359811883765e+02
-2.185924075671590749e+00,7.567776291455570572e+02
-4.637316488743891227e+02,-4.830094014620634653e+02
7.552170101072490525e+02,2.756858676591998574e+02
5.752636365390828814e+02,2.603491788478628450e+02
1.851705994598703455e+02,9.512315379077982698e+02
5.566516230262346880e+02,3.507685619603029181e+02
9.972662685437063601e+02,-8.689787723524552803e+02
-7.229247326013655766e+02,-4.532824965443507494e+02
-4.684779396828902236e+02,-7.136045332573501128e+02
6.872190333559727833e+02,1.915027783019469041e+02
9.368300397745939563e+02,-9.702520658202563482e+02
-8.813098574834658621e+02,-1.133322755301173999e+02
1.001285699751606558e+03,-8.233785399149152227e+02
7.165930744881553665e+02,1.561582256701705091e+02
-8.136929657355592553e+02,-6.977130280627778802e+01
9.822942526126454368e+02,-8.861661053409297892e+02
-4.319477513192858282e+02,-7.451759257965154575e+02
6.367699543877407677e+02,2.173697972277815325e+02
-6.994254473362392446e+02,8.098641949073056878e+01
7.376154126571511824e+02,-2.006965863941256245e+01
1.042912360041644661e+03,-1.096893346990657392e+03
9.476342847486066603e+02,-9.493800272468591857e+02
1.425083660552605807e+02,8.816877683191132746e+02
2.088452225655215955e+02,8.184884638110549986e+02
9.103300042929263327e+02,-8.485494854614748874e+02
6.514904096942789238e+02,1.168524412402648238e+02
8.822936111280922660e+02,-9.061382023530956076e+02
-6.515902980267874511e+01,8.893356541297890772e+02
1.056582809956113806e+03,-8.576855568527206515e+02
6.242656877756862741e+02,9.846446750857778341e+01
-5.720969794190756375e+02,-7.328421110754164829e+02
1.008121897140440296e+03,-1.048277629700098487e+03
1.147265556834018753e+03,-9.561400632598240463e+02
-6.439790596299469598e+02,-7.540372115824916364e+02
6.583392972185894223e+02,1.120641534020650170e+02
9.244984246078329306e+02,-9.750322958817835115e+02
1.031648110114676001e+03,-9.462014324325580219e+02
4.554708524064586186e+02,2.303499061256781886e+02
5.758625343437390711e+02,2.134428939747330674e+02
-8.377801541047955425e+02,3.427378033638458987e+01
6.447823823618954293e+02,3.560213240324619051e+02
-3.618401930162931990e+02,-5.917958128676260685e+02
8.169267241908694643e+01,8.580510495141228375e+02
-3.592799949660417838e+02,-6.927100492283631183e+02
-8.083856827805115017e+02,2.013650732424510466e+02
7.017679332032804496e+02,2.630667514349638054e+02
-7.365885503744768812e+02,-1.470888693937362177e+02
6.915076186066881974e+02,2.803850662202068520e+02
1.176943625620766625e+03,-9.633914634109919461e+02
5.996218380238401551e+02,2.543572794527954670e+02
-4.286474002540561514e+02,-6.705049690004852891e+02
6.255403575904967965e+02,2.232570428352865974e+02
-9.418802923839557479e+02,1.222629905633337728e+02
7.296784779426952809e+02,1.893398288550270365e+02
1.988743025748079560e+02,8.110693354085354940e+02
9.833873591733289459e+02,-1.006737302348521325e+03
5.330396134420533372e+01,6.940249959107970881e+02
-5.344279001239387981e+02,-6.409696958408781029e+02
8.450019367806020227e+02,-1.111112373046404628e+03
7.469658751655858850e+02,2.654265600279656496e+02
-6.058335403048879471e+02,-6.896402504991871183e+02
-7.354567112400698079e+02,-1.170313646167406603e+02
2.349001157980951291e+02,8.415012115102432517e+02
-5.043965433285404742e+01,8.802984512174948577e+02
-6.664617445275379168e+02,3.251598386319681566e+01
-7.675509534351393768e+02,1.501283660299625922e+02
-3.569331681205122209e+02,-6.621447964200646084e+02
1.046410766740404370e+03,-8.324437757684049757e+02
7.900614368935515586e+02,2.774865470547767359e+02
9.208901440828262821e+02,-1.019263796949196376e+03
1.636770877792089607e+02,9.551553487606469162e+02
-6.344650636894583613e+02,-7.686611087286826205e+01
5.448304843283222709e+01,8.169993077733582822e+02
7.947250541960772807e+01,8.991924690147365027e+02
9.002259855347959672e+01,9.489711170536584177e+02
6.803491263400268281e+02,2.353833915738881046e+02
1.500022832899599621e+02,7.353063851325266569e+02
-5.513692268667263363e+01,9.154671954299238905e+02
-5.369370428787899527e+02,-6.190154183368969143e+02
-5.142138399244536231e+02,-8.741524678774730717e+00
6.241530713053107320e+02,9.679848198825727934e+01
6.082604143015157661e+01,9.766901396659734473e+02
-6.756583270133924088e+02,7.886640265601675992e+01
-7.705486842247785262e+02,-8.148442465762362019e+01
-5.152383696121981984e+02,-6.008501594724825736e+02
-5.274106089445134558e+02,-7.107949661949803613e+02
-8.603846537843123770e+02,6.238198133620806374e+01
-6.382987681594894411e+02,-7.857573733304632242e+02
-6.039689122836745128e+02,-8.190028843251587887e+02
-6.717826775165187883e+02,1.751127900325186317e+02
6.934362819469149031e+01,7.799302458810068401e+02
1.114973575714888739e+03,-9.113168342423720105e+02
-6.785290945283156816e+02,2.621973397546747364e+01
4.925029532052808179e+01,8.326216267499884225e+02
-4.972351178588488665e+02,-6.687718837329711050e+02
-5.077459044707390490e+02,-5.513682763324750340e+02
9.821461759379366185e+02,-8.272416574013593618e+02
-5.283298069172519718e+02,-7.950801533297977812e+02
8.451081052421696995e+02,1.507209244669816997e+02
1.159161301235642213e+03,-1.036418860076167448e+03
6.370929545296290826e+02,2.564959644255810645e+02
1.160872531252334738e+03,-8.764796551842147210e+02
-6.638021050143332786e+02,-8.348796831606941282e+01
-4.857900635274844490e+02,-6.890404891930429585e+02
9.854411196727638753e+02,-1.019325593750688654e+03
-5.591836408378618444e+02,-7.284167108176725378e+02
-7.281794497138804445e+02,-1.588207996348487256e+02
1.847187288843750821e+02,7.404263732504896325e+02
7.468526013676015509e+02,1.204175729238675245e+02
1.065149482539689416e+03,-9.685810985297258640e+02
-9.006444578642941678e+02,1.286502430803332402e+02
9.987412007375310168e+02,-8.175101061275992151e+02
7.282619892015402456e+02,1.211683193763209800e+02
9.734495903384481608e+02,-9.145584152322702494e+02
6.267273590501883973e+02,3.342809443275750141e+02
5.559872400506199028e+02,1.129810015592082095e+02
1.009642507857936835e+03,-7.355386120765416536e+02
-1.447121216184255310e+01,6.261037881237335796e+02
-4.806648418356759294e+02,-6.337127727773853394e+02
1.832679569030547100e+02,8.323629686674833010e+02
-6.818153601486228581e+02,-5.415392821533674805e+02
2.400744905923828014e+02,9.310833418327932804e+02
9.487930140577029761e+02,-9.399157234277839734e+02
-8.386889740071676442e+02,2.472976266452081973e+01
6.746287933443379643e+02,1.666853827085090245e+02
7.597707595553792999e+02,3.124899086833132742e+02
-4.554024965770701669e+02,-7.129440100757246910e+02
8.242938967482515977e+01,9.466345659396895371e+02
-6.992140657727545658e+02,5.416388969448121316e+01
-4.688922196625767356e+02,-7.766789761948765545e+02
9.653058418382547643e+02,-8.310710041129705132e+02
8.187010210699377240e+02,2.066803610784942293e+02
-5.945232341380802836e+02,-6.890063055211550136e+02
6.919921208703436832e+02,3.164913194805118906e+02
5.785444440982267906e+02,3.211939102840134979e+02
-6.571939185183036898e+02,-6.899564751543855436e+02
-6.390174576721331050e+02,-5.041464381486950970e+02
9.926778064503803307e+02,-8.646694669849651973e+02
9.908801380893319788e+01,8.144358256893513044e+02
-8.214528030792714617e+02,-2.040366653634751231e+02
1.129454258818181415e+03,-8.668685865963639117e+02
-9.098446272122083656e+02,1.381975881646662287e+02
8.281921695889014927e+02,-9.117052003710589361e+02
-5.817753856080719288e+02,-5.449771200451372124e+02
2.393844339173215587e+02,8.897571640918450839e+02
-5.906924670103311428e+02,1.100073912750955145e+02
-6.001647922542964579e+02,2.613479729083464917e+02
1.017685328621483222e+03,-9.803834607657078095e+02
-2.896150788517256274e+02,-4.732162352581999585e+02
-5.731059996382845156e+02,-7.152204099837326794e+02
9.789889719928478371e+02,-1.017491881135290441e+03
-3.348026920649415388e+02,-8.358082756721347550e+02
-5.819091512189303330e+02,-9.406324377045543770e+02
1.196030507105028619e+03,-9.293145407255133250e+02
2.761809927080989624e+01,8.229601568855705409e+02
-5.615653999553326230e+02,-7.019290536963419527e+02
5.583265205873960895e+02,2.611714416667975911e+02
-6.534274220116234346e+02,-6.565655414111957953e+02
1.007600911266942148e+03,-8.340445989874602901e+02
6.800258921734960040e+02,3.311911497702834595e+02
1.431815300359064906e+02,8.568035358978670502e+02
-8.023683926395182198e+02,9.777214963143369175e+01
-5.368274749026336394e+02,-8.357528201584625549e+02
7.365112419192265634e+02,2.038677858497061663e+02
2.180381723023583973e+01,7.875997220269238142e+02
1.299156456064115446e+02,6.290213188556466548e+02
-6.695076363037076135e+02,-8.325971191201317367e+01
-3.825891756224964979e+02,-7.332167631743255924e+02
2.684600392422888149e+02,7.119868514811513478e+02
-5.309602749683105003e+02,-1.276448891573353279e+02
-7.706690203317775740e+02,-8.090335550730147816e+02
7.608825233515153741e+02,7.510001843218681472e+01
-3.452740633661344987e+02,-7.013823220412901946e+02
9.872109463355945991e+02,-8.055819229785892048e+02
-7.767421033562151251e+02,-2.320376468279605220e+01
4.590431647548285241e+02,2.451730845006266293e+02
2.847323486212887289e+01,8.355289076073622709e+02
1.000342154481739044e+03,-8.661106967209718732e+02
-8.248738380011343452e+02,-4.922336926446428151e+01
-8.258809842971853641e+02,2.097093875623558574e+02
5.696922891339658008e+02,2.925537335111687867e+02
1.450474987864586183e+02,8.662490690102196140e+02
-3.716943557824895379e+02,-7.654026874819425075e+02
-8.057853847968252126e+01,9.277747021300604047e+02
-7.020705161013256657e+02,-6.659438203193623167e+02
6.702101662172998431e+02,2.568274760635235907e+02
-3.608639285671290509e+01,8.458014065351344470e+02
7.465657588699491498e+02,-9.392105956340685680e+02
9.573071324958409605e+02,-1.050701955346994509e+03
1.158711810197387649e+03,-8.961650595798623726e+02
7.749068535673537781e+02,2.230634971847178747e+02
1.801545917909562604e+02,7.193207710022086303e+02
-6.067402859453543442e+02,-8.572330667133737734e+02
3.101689698354194888e+02,8.792458397788444699e+02
-7.521671386292699708e+02,-8.056654281055206468e+01
-5.184990332864009588e+02,-5.999023041082491545e+02
-7.966303708082683670e+02,6.604358056291600576e+01
-5.046398507469648393e+02,-7.122572816647385707e+02
7.042471983457074884e+02,2.098622639851568579e+02
9.461787107177434564e+01,8.882893505000577079e+02
-3.870105949317868408e+02,-6.025284430977660577e+02
1.026183089447684551e+03,-1.149909348295778727e+03
-5.084868529753159123e+02,-5.148256173262727771e+02
-5.066184646703553085e+02,-5.262012558254942860e+02
1.112211836428167999e+03,-1.014330035587163934e+03
8.662348867014050313e+01,8.345854598078609570e+02
-9.183714295371412391e+02,-6.456821733172922961e+01
1.065165005167269555e+03,-1.006961433651713264e+03
5.741624652713445585e+02,1.340884067520171925e+02
-8.194443017434681451e+02,1.038836139308279058e+02
6.998070368445428358e+02,1.622443815677370651e+02
1.573165614175618998e+02,7.710099896231548655e+02
1.821075179494643237e+02,9.356119661870919799e+02
9.285609152952894192e+02,-8.967318287758465658e+02
-8.285172945552067176e+02,5.111536627728563076e+01
-4.314953640120951377e+02,-4.487348715740482703e+02
-7.499797656357202413e+02,-5.499787870439678272e+02
9.480805026796070933e+02,-6.580921918130475206e+02
-4.831818827163578476e+02,-6.756451405042798797e+02
1.082405450195990170e+03,-8.591141166874116379e+02
1.257804656363484241e+02,8.930928135581360721e+02
9.372516576527096959e+02,-8.555695932646992787e+02
1.084504198275714771e+03,-9.450229781373702735e+02
-4.701736382687090554e+02,-7.667700608742052282e+02
9.899725734890080275e+02,-7.701008878688611503e+02
-5.908611666665459552e+02,-7.555459201831879454e+02
-5.421962081653939549e+02,-6.178806172508132022e+02
9.449483852231472838e+02,-9.397008439322130471e+02
-8.023058189476191728e+02,-6.091241280844727726e+02
-4.932355482991017652e+02,-7.428890779406626734e+02
-5.457925287415135926e+02,-2.422521471150915033e+02
1.106489689254436598e+03,-8.642140202058506020e+02
1.568150064189304373e+02,8.661622963187418236e+02
-6.309890906213356629e+02,-8.306861499502339541e+01
-6.070270673550141964e+02,2.220817466106090876e+02
1.134284399907313770e+02,8.233467690709487670e+02
9.660241356362176930e+02,-9.193692065253877672e+02
-8.405712890529408696e+02,5.533990704225222323e+00
-5.243414732127782827e+02,-8.943055121388115367e+02
-6.870688423607498407e+02,2.711020999267302045e+01
4.909032389037342909e+02,2.726274482611681833e+02
-6.603368915623080966e+02,-7.067578460569536674e+02
1.447546487140726299e+02,9.208961616861778339e+02
-5.279290669050731140e+02,-7.072657467871459858e+02
1.110805834224501496e+03,-1.009525586470133476e+03
8.991134476906607915e+02,-9.533776945946033265e+02
6.990148484175185786e+02,1.451631729139346589e+02
-3.177536690017296337e+02,-6.267578240252338446e+02
5.104832080393425997e+01,8.279181315479369232e+02
6.617489513174393778e+02,3.107061730870257179e+02
-5.972098913079149725e+02,1.179169236433284063e+01
9.520424740248096214e+02,-8.581016382834784508e+02
9.922306066192159051e+02,-1.239743106205580943e+03
-8.030192292778627916e+02,-8.366951384503117595e+01
1.185726209084154334e+03,-8.239949521654205000e+02
5.417382169972952397e+02,1.516557590275272673e+02
1.115188741208557531e+03,-9.015004136347392887e+02
1.053929330830575282e+03,-9.946927571484326336e+02
9.930573918147825907e+02,-9.386300931270698129e+02
-4.522534745306020909e+02,-6.258978738194977041e+02
-4.920209128268228369e+02,-5.947008844758912574e+02
-5.784601834817102599e+02,-7.444426060933620874e+02
-8.036218450384544667e+02,-1.715694413614716893e+02
-9.211817526865719401e+02,8.097293926154159749e+01
5.775562283967241228e+02,1.790067744132648500e+02
5.427762398358397604e+02,1.925361537867973425e+02
9.991352908292832069e+01,9.377616354747199239e+02
-9.423431152540670155e+02,-1.362552668331328505e+02
5.686178919449672549e+02,3.489198378641322051e+02
-7.863419881139216159e+02,-6.534826969972351662e+02
6.665545766628962383e+02,1.708175792222525615e+02
-4.141053161631655257e+02,-7.283549482303352534e+02
-8.711781906112273646e+02,6.159014522958123194e+01
1.011125919169498104e+02,9.273436130149907513e+02
-7.142485066317907467e+02,1.372719427416326710e+02
2.340899463555966520e+01,8.932135544553251520e+02
-8.395338145518543342e+02,1.932438915602428153e+02
-5.761714001748333658e+02,-6.215670720820606903e+02
6.492372263394452148e+01,7.917659116097968308e+02
-4.863371779950047653e+02,-6.908379732306138976e+02
-6.064549393126911809e+02,6.394370245392894248e+01
9.949615610848046572e+02,-8.147323291012232858e+02
-5.264632379087995560e+02,-6.373742602099619035e+02
-6.944171134361736222e+02,2.098933770417021893e+00
-7.154541322102593313e+02,8.530676136040666790e+01
1.742106839625721761e+02,8.190203672046851580e+02
1.073835884853014932e+03,-8.229953541111467530e+02
7.034140980667747272e+02,2.751969784533148982e+02
-4.053929915880155477e+02,-6.469425525385595392e+02
1.056140850008752750e+03,-8.594929181198305059e+02
-6.889172850388779352e+02,3.652552790840418595e+01
7.801500825047445176e+01,9.216152033460639359e+02
6.739466718879077689e+02,1.698688494842687930e+02
9.351865634807480774e+02,-8.410412538514700600e+02
-7.047187333242569593e+02,1.622584511392692264e+01
-5.120728967743456224e+02,-5.812103433362949545e+02
1.247375533699619439e+02,9.323826263065848252e+02
-6.063336163556220981e+02,-9.420691639918680949e+02
-4.356131650876398709e+01,7.680681022823952162e+02
-7.566585249325712539e+02,-2.887319142269160110e+01
7.420433022152167268e+02,3.653148474908732624e+02
-4.282174499593972996e+02,-8.652320983149154472e+02
1.027416256982503683e+03,-8.138173970135355830e+02
9.822142052168677537e+02,2.890709201442224412e+02
-3.646659791116451856e+02,-8.321162435586871879e+02
-4.982327553460087870e+02,-6.558577171420918148e+02
6.465540806712783706e+02,2.448011244301769409e+02
-4.926929311055695280e+02,-4.784677668841893023e+02
7.930434748849987727e+02,-8.936434616776689381e+02
1.069929050179038541e+03,-8.415540198735752710e+02
1.094049537930814040e+03,-6.181648072838997905e+02
-7.549081446588509152e+02,2.316299095981180045e+01
-4.395517004543217467e+02,-7.526633247139080822e+02
6.847885432185562138e+01,7.986697631630590877e+02
-6.630933198105617521e+01,6.813179364800705571e+02
-9.242842959005190551e+02,-1.211939306092812885e+01
-2.377878528921239365e+02,-6.469227048697567852e+02
-6.215604145982631508e+02,-6.191031160579036623e+02
-3.754036002352098649e+02,-8.474244523058652021e+02
-7.062331941109845275e+02,-1.125060469028405130e+01
-6.543605945249655633e+02,-6.746451595280245783e+02
6.417149492278859668e+01,8.081645943148290598e+02
7.684277543228895411e+02,3.054955674551534912e+02
5.695005459912567858e+02,1.473971432274482822e+02
3.656393048362395604e+01,8.331705482516324537e+02
8.759805118456462196e+02,1.399610912113067229e+02
6.448611288391518883e+02,1.284358166952976319e+02
-4.191192400282900508e+02,-5.883562894156615357e+02
5.213124056479665569e+02,2.084618642167290261e+02
8.928856681863092035e+02,-9.583047080444976018e+02
2.484605380695334276e+01,8.119164457128908907e+02
6.055582599898440321e+02,3.758714941721730725e+02
-6.764606945842139112e+02,-7.002409540133825203e+02
1.404460961188968042e+02,7.607085969400550312e+02
-6.276992999353421965e+02,-6.652448602187971574e+02
1.085843526897820311e+03,-9.360077293335621107e+02
1.202036492205129008e+02,8.405551207893479386e+02
4.667570892918271852e+01,7.847424489071428297e+02
-8.154850056231300641e+02,-1.433128315998610276e+02
8.177458856518722996e+01,8.113921815899014973e+02
-6.446458460588144135e+02,-5.800190320910726314e+02
-4.341732788822416751e+02,-5.278371908034412172e+02
-4.242454119319322103e+02,-6.460812638514255468e+02
5.519254812964765051e+02,2.672167246726783105e+02
-5.627254932876179510e+02,-7.372581382990127850e+02
4.489381885149566074e+02,1.451758525829632731e+02
5.189859360123026590e+02,3.128760829415679723e+02
7.859263558121243705e+02,2.186576268150616329e+02
-4.730612333608326026e+02,-5.958091585542015309e+02
9.786148879834771606e+02,-1.055357815401095650e+03
-4.650805353930041974e+02,-5.274403811691134933e+02
6.663121845154468019e+02,3.280357054323642387e+02
1.046273912741955655e+03,-1.042855048319494017e+03
-7.156787105691513489e+02,-4.102261030931084207e+01
-7.391250811661911939e+02,-1.176684202642612398e+01
6.768080664153314956e+02,1.066331998884617889e+02
6.317211726230696058e+02,1.282690664730286585e+02
-3.620316030557585236e+02,-9.267709857805730280e+02
1.242061891970729164e+02,7.827291260622567961e+02
-8.391148287477955137e+02,2.503147968326675255e+01
-7.712879300669211489e+02,-7.888149887282411044e+01
1.047207296753275159e+03,-8.020018846757585607e+02
-8.567779608407583964e+02,1.167801658220487155e+02
-5.254070472737099351e+01,8.536767275215047448e+02
2.032105380984021537e+01,9.116264345736959740e+02
8.035214777091337055e+02,-1.080729391519316096e+03
8.860854801559594307e+02,-1.016649910643292969e+03
8.147707919004773203e+02,2.370584745408509377e+02
1.097256777924684911e+03,-9.327193934395928636e+02
7.149737858753417186e+01,6.762802482087566887e+02
8.318835325936098570e+02,2.416744415088001290e+02
6.444202403754791249e+02,2.112347401420837798e+02
6.770041226325573689e+02,2.360272432230585764e+02
7.158978990871759152e+02,1.797572046071988439e+02
7.463290464859018130e+02,2.128293047916820058e+02
6.484775215008345413e+02,2.253935134502423523e+02
-1.470666597455473834e+02,9.198190114280831722e+02
1.196669527964259942e+03,-8.163409381167956553e+02
6.911220788298107820e+00,5.744714993410931356e+02
1.117466669264933671e+03,-9.469929152073312935e+02
-6.130174735969440007e+02,-6.600482032825697161e+02
-6.109856543369157862e+02,1.320679283277246157e+02
9.132898138917648794e+02,-9.189278524437426086e+02
-6.264727690694949160e+02,-5.497743203505757492e+02
7.516838192777269114e+02,3.579493603374476720e+02
-7.583656643443597432e+02,-4.612104932199141416e+01
-5.642499297377754601e+02,-5.938063870844439407e+02
-6.336929034312262274e+02,2.079405787809264154e+02
-2.287323260592000551e+01,8.016476814925622421e+02
3.451749627812525887e+02,8.601659569240180190e+02
1.055561498275213353e+03,-9.640503742736146933e+02
7.563619431081253879e+02,-8.714168305808731247e+02
8.153384479322888865e+02,-9.378666624006805250e+02
-8.010490082551248179e+02,-4.613538708955518786e+01
-9.610358820398696480e+02,5.420569858544588726e+01
2.646481077992005453e+02,8.924443062334850083e+02
-7.301744579029547140e+02,-6.312724917475659367e+02
-6.426367800976688613e+02,-5.002462529870882122e+02
6.611278282012526688e+02,3.405474860268571291e+01
9.976392947278750398e+02,-1.190427438830163965e+03
2.122280861473516111e+01,8.251312929918475447e+02
-3.863935859977354781e+00,8.527593785486375282e+02
-6.638769863335548962e+02,-7.689825762489206227e+02
-8.342936469226432337e+02,-7.039911487604704234e+02
-6.363524245689052350e+02,1.955248095570209159e+02
5.289309806825919935e+01,6.590587498498886134e+02
-8.168328544531057105e+02,-2.498352080615387294e+01
5.246162286265949888e+02,2.969641220021812842e+02
9.820175885485591607e+02,-8.265349630879596816e+02
-4.674199619188448196e+02,-5.990809753023066833e+02
-6.275568309576159436e+02,-5.776751955177346645e+02
5.343307901639516331e+02,2.464524536157687180e+02
-7.701759901099359240e+02,3.714189861408625148e+01
-3.260765030814894772e+01,9.761001026681027497e+02
1.927256284397155355e+02,6.443136618964409763e+02
4.402964298303928103e+01,8.808223607761483436e+02
9.085272819247736606e+02,-8.802665598082875249e+02
-5.378476299356237860e+02,-6.175407818615605038e+02
-6.741314286766163377e+02,1.668893596351345252e+02
-8.418616122220236093e+02,1.585535905882977659e+02
2.612006123886088744e+02,8.786904255881188419e+02
1.002688172916970188e+03,-8.923197787084928905e+02
8.802500106643819322e+01,7.761230478602549283e+02
-9.311306010787654941e+02,1.954183748977518746e+02
-8.353198806493633128e+02,3.011294547806090449e+01
1.105418443484148384e+03,-1.013622298866600886e+03
-3.310663735119395028e+02,-7.882164229820642731e+02
-8.030112392871837983e+02,2.532106103353344295e+01
1.788233584787810742e+02,8.076410372603061205e+02
6.128585437942826957e+02,2.391216054399830568e+02
-4.486936784908780851e+02,-8.146384118891294293e+02
-7.201800193627495901e+02,2.045189939430198649e+02
-7.900400086192669278e+02,1.394229214012439400e+02
-5.471219361414210880e+02,-4.796603678591949347e+02
-8.120608573860882871e+02,1.724146400803759249e+01
-5.447155788277392503e+02,-7.702286032031207696e+02
6.315462892421954848e+02,2.088760150304662204e+02
7.545239701892335233e+02,2.381175059868186850e+02
-5.759696665734512635e+02,-5.962281247209343746e+02
5.420572912130892291e+02,2.499242017948185719e+02
1.013545903407370929e+03,-8.201402406500344568e+02
-6.378738205760903384e+02,-6.262659373155253206e+02
5.707455437498798574e+02,3.195246602017902546e+02
6.199474134118412394e+02,2.168254495251698870e+02
1.104371700295426535e+03,-9.421611920446322301e+02
1.838864555521775657e+01,8.299481450897372952e+02
-8.138174951892924582e+02,1.986519371249493986e+02
1.055831864742851280e+02,8.070164545675272620e+02
8.655939366697505477e+01,9.236920400952968748e+02
5.006903840466772522e+02,2.499734607741275738e+02
1.077229508783100982e+03,-9.659291372023327540e+02
6.935979675315619488e+02,2.409513362711338118e+02
-4.680952824778212289e+02,-7.218002890086545449e+02
1.083109865443748959e+03,-1.039123443540165226e+03
9.192111562852511497e+02,-1.050014918793253628e+03
1.617109768952082334e+02,8.020733963054514106e+02
-5.849095263263798188e+02,-5.403454586705584006e+02
5.711317063675084000e+02,1.908648537996193966e+02
-6.306310262892916398e+02,9.306427102256772343e+01
1.702341426710789847e+02,8.051246909482854335e+02
-7.298036483392158971e+02,-3.491685987180454731e+01
6.081111406756118640e+02,2.619668178610078826e+02
1.683686934219709030e+02,7.899835712991213086e+02
1.063810443385044664e+03,-1.028292960083773323e+03
7.135555457417405023e+02,3.161558689153479804e+02
9.468195432458600180e+01,9.179737953446197025e+02
1.510867375974335687e+02,6.678358039315766064e+02
-6.303495533887736002e+01,8.457362584104394045e+02
-8.580436703467206598e+02,-1.224962265014195850e+01
-4.740531089887049916e+02,-7.568026048675516222e+02
-6.904111679404917368e+02,-1.350298714830583435e+02
-8.316994538461360662e+02,9.686997043605357760e+01
-7.486440727383906051e+02,6.514224451783685765e+01
-5.652457939599952397e+02,-6.422856828906487863e+02
3.960008618834750393e+01,9.449359788970728005e+02
7.275085386521620876e+02,3.265016036650692399e+02
7.258650070049395708e+02,1.101147851171534171e+02
9.723061659462331363e+02,-7.780082157214815197e+02
5.841871099789049140e+02,3.702996436880309972e+01
9.814623148288577568e+02,1.873330206808589082e+02
-7.910735152749100507e+02,-4.381697847890721675e+01
6.268127922067501459e+02,3.401434211405907604e+02
6.700913531132612206e+02,2.203410451998129531e+02
1.488726162611335440e+02,8.471205803223178918e+02
7.093972369385727461e+01,8.720233373638664034e+02
-5.698680579309456107e+02,6.931908535882858757e+01
8.154103935583075327e+02,-1.022315460732169640e+03
7.784801619651249212e+02,-9.714121782145036832e+02
5.229237427584863553e+02,7.890182044845836629e+01
5.623980557590678018e+02,1.251968399570350954e+02
-6.187556724718759060e-01,8.281217220213712835e+02
1.062711746514497008e+03,-8.177020625942433298e+02
8.866182564414332035e+01,7.316694436211463426e+02
-7.811258434243168267e+02,8.368286897432638227e+01
5.054657489333876583e+02,6.658090219263941378e+01
4.792203031741384507e+02,9.485853770194061951e+01
-6.400610544110796241e+01,7.099478317360942583e+02
1.449486213563884860e+02,9.520227353306217992e+02
-5.706635192159966437e+02,-6.708550868961052629e+02
1.020895685707003793e+02,6.494372209106714990e+02
8.527816025123454438e+02,-1.019405357907618395e+03
-8.429526476617551225e+02,-1.196097754711857064e+01
5.781499383331316722e+02,2.670440943995466228e+02
-6.799135523203757430e+02,2.393142982646729422e+01
-8.133350993555411605e+02,3.614264434444394425e+01
7.211461539631288815e+02,2.029289356767431229e+01
-8.286319900560521319e+02,1.221280362089047173e+02
2.164389484182309502e+02,8.012231961504777473e+02
9.715664977286215276e+01,8.221628281035229975e+02
1.094218060630064883e+03,-7.649554348293719386e+02
-5.625179898565288568e+02,-6.018322619724604010e+02
-3.586631738102857412e+02,-8.052398444376550515e+02
1.071546672658094622e+03,-1.080925225302511535e+03
9.929340686932551989e+02,-8.417147313305532634e+02
1.804412956351757771e+02,9.327618743544924200e+02
2.149103291224344900e+02,7.688336158359318233e+02
-4.610828613544115910e+02,-5.115380307360448455e+02
-8.368595533300826901e+02,-7.984790156351117218e+01
-8.726798380261249122e+02,2.915206042868524250e+01
7.159613799296828347e+02,6.095540670619870127e+01
8.798716892409674983e+01,9.098331701884761742e+02
-8.083645023182144769e+02,7.039447999823812552e+01
-8.176628038669341549e+02,-1.019167752112030882e+02
-4.857128893787668744e+02,-6.119339586090060266e+02
-8.868126846166309178e+02,-4.163152891271315781e+01
9.046398307312691713e+02,-8.668713336094114084e+02
-6.708594362309994494e+02,7.021998863166521332e+00
1.667958392867319901e+02,7.581229812325852890e+02
2.450370637296967971e+02,8.528969818424012601e+02
-6.864193468931364350e+02,-9.188592578464696459e+00
-2.195949686614533292e+01,8.016520585370288927e+02
-6.615814924927035463e+02,-1.077395920032186751e+02
-6.631182952122300094e+02,-1.578192191843600938e+02
-6.131843754510065310e+02,-6.659719836847539227e+02
1.183754167729017809e+03,-8.590364040878786227e+02
-8.695362273333952317e+02,1.337459467755095943e+02
1.093605340536368658e+03,-9.525722838708014706e+02
4.714614747225289193e+02,2.258192717168041099e+02
-6.551903301939087214e+02,-6.252293455459658844e+02
9.127915760508731182e+02,-9.740796277519863224e+02
6.943706148042907671e+02,2.474627865800511017e+02
1.039384655368221956e+03,-1.068672565829765972e+03
-8.375968260599333917e+02,7.023673427506558653e+01
6.645480403635154687e+01,8.183458616082158414e+02
-6.384381560954163888e+02,1.063776000567404481e+02
1.011755601330284662e+03,-8.060739906559676911e+02
-7.429418562181732568e+02,-7.214321709430518013e+02
6.193245985392242403e+01,8.136510371669641017e+02
1.085396922737442083e+03,-1.011370324206168220e+03
-6.820201735282896607e+02,9.093134910102865831e+01
-4.215215450456710187e+02,-8.743390206528866884e+02
-4.468155494338224116e+02,-7.357119100452246130e+02
1.175924574321074232e+02,9.435956034590759600e+02
9.729371033913762403e+02,-9.362823807953784581e+02
7.455524297201500303e+02,2.023987084438790021e+02
-8.532321939379698961e+02,1.256142940445332812e+00
1.825492658899711955e+02,8.930507510493218888e+02
-6.505418317943905322e+02,-4.532017324023606761e+02
7.254702529550839927e+02,6.955438062043330660e+01
3.441959727495497532e+02,1.015550603018972197e+03
-9.656302166314245596e+02,2.393103248758743362e+00
9.918485836616430333e+02,-9.362504722163416773e+02
1.066793514833542531e+03,-9.709817983348973485e+02
-4.954492731866131976e+02,-5.014684839439783559e+02
6.889250400128323690e+02,4.007332651650569346e+02
-7.876759116993308680e+02,-5.001612912161863989e+01
-4.896875402858491952e+02,-5.616954119306917619e+02
-5.106637074684057325e+02,-6.571612522885897079e+02
4.500150683488737968e+01,7.516130861242883157e+02
-4.412968539315372141e+02,-7.641507294929250520e+02
2.444843147316804561e+02,8.756800310422495386e+02
1.020145471471680821e+03,-9.239053508137751578e+02
7.584289728442628302e+02,1.764744494407216280e+02
-8.476263561897259251e+02,-1.126347001683240023e+01
-6.841995781621591277e+02,-3.419259861192456640e+01
1.051663181646444855e+03,-9.267915522792752654e+02
8.364225671007669689e+02,-8.974956561785240865e+02
5.472145834953117856e+02,2.674019251993066604e+01
9.474514921366731812e+01,8.472168234381914544e+02
4.665965427335179925e+02,2.686647612046153313e+02
-5.499559575790453891e+02,-6.901515624745757123e+02
2.806601863035093629e+02,7.248758047183948747e+02
-8.069693761137966703e+02,-5.949341246994875121e+01
-3.730299317759436235e+02,-7.317334248527153022e+02
1.079863162855959672e+03,-8.908085876538126513e+02
-4.618328193564236130e+02,-6.947208326561411695e+02
1.102720311612305977e+03,-1.005451842820088700e+03
-7.539118609698123237e+02,8.933967772188244894e+00
9.081106162619423685e+02,-8.844222260940580327e+02
1.133691674589796094e+03,-9.174581070205726974e+02
1.172661395898844887e+02,8.445111970829880192e+02
-4.165418956383009004e+02,-7.288765419698544292e+02
1.011820328828144966e+02,6.542191908883385167e+02
-4.636093083612811938e+02,-6.049236756287934895e+02
2.158816254825242993e+02,8.968956663059030916e+02
-3.094476695789959422e+02,-7.273563568712120286e+02
7.887092517352994037e+02,1.676206927727507434e+02
7.415959758406473838e+02,1.380739095305123101e+02
8.444472556319345813e+02,-7.557620780566263647e+02
-6.856500687513508865e+02,1.530000164446833537e+02
1.133730991151927128e+03,-7.782172991510202564e+02
-6.893792616760539431e+02,4.622603100242572083e+01
6.463158730145379423e+02,2.343669545519912134e+01
-7.063983465591016966e+02,-1.457727884313434856e+02
-7.203696698612558293e+02,1.090077703398819153e+02
-7.262524212661639922e+02,-7.696012554683288442e+01
-7.887383666888339349e+02,1.349704112715012911e+02
1.025077151341984745e+03,-7.717835033281719461e+02
4.853035433156841236e+02,2.111550791522295185e+02
-6.354014544519939136e+02,-7.766218981818227576e+02
-3.503189863010504723e+01,7.729578214475632194e+02
9.616946278525995240e+02,-1.018676918320416576e+03
-4.989537725358129592e+02,-5.436808046352491601e+02
8.845244162202216103e+02,-8.160775131035348977e+02
7.761878024057693892e+02,-1.023997418641744616e+03
5.927299264320190559e+02,2.048352904797623637e+02
-5.241165302436604634e+02,1.035853930334929203e+02
1.838619588937843332e+02,7.708076083702860615e+02
-7.338892042168736225e+02,-5.484931411181008087e+01
6.360130849772473312e+02,4.495284080311493113e+01
7.977461806183339377e+01,7.149025551070652682e+02
-5.092213497003541534e+02,1.454150732952074918e+02
9.953830953573865372e+02,-8.936553493500587138e+02
1.543484059459249238e+02,9.785760911053372411e+02
-7.478044802360767562e+02,-6.798535304706142597e+02
8.480892057650978586e+02,-8.331401180208048345e+02
-7.709678978582809350e+02,2.562667131823430644e+00
9.899913153333000082e+02,-9.775369082441427508e+02
9.988436216808956942e+02,-8.571521865505059168e+02
-3.340054673578296160e+02,-6.256557566370524910e+02
-5.096949571207186409e+02,-8.065599634347695428e+02
-6.881255576672332381e+02,-3.092595822775853165e+01
2.687470106685844939e+02,6.532416737680993037e+02
1.117087376080251033e+03,-1.037537023468929419e+03
7.549553113986721797e+00,7.950293256179236323e+02
-7.051101386216991784e+01,8.858285952703720341e+02
6.077468509645918857e+02,2.353025250804078041e+02
-7.280415903914090450e+02,-7.517065082547955512e+01
-4.854789802808642207e+02,-6.633285842126540501e+02
-5.678476660278588497e+02,-7.976672255132289138e+02
1.082449720096937199e+03,-9.409081811910471060e+02
1.209876783563975096e+03,-9.995611659474265025e+02
1.060413704548730720e+03,-8.441969283881787760e+02
6.215208661255734341e+02,1.906763232044143024e+02
-6.438346566298019980e+02,-3.959698286003400369e+01
7.466980333113694996e+02,2.455472922509486011e+02
8.807759945874089453e+02,5.909239733327333255e+01
1.010128179648441460e+03,-9.073598841524033105e+02
-6.766574345059434563e+02,1.935357089177217915e+02
8.700822696552024809e+02,-9.582983433492522636e+02
-7.599643529179470534e+02,-1.885007828013028686e+01
-7.831018480715471242e+02,-6.959925349174469034e+01
7.892522771172730245e+02,2.743615956716432152e+02
8.789447778302765073e+02,2.031407371837232461e+02
7.325153963167335860e+02,2.354631739220085080e+02
-4.293332957222313695e+01,8.803118282313312193e+02
-5.599601594000941986e+02,-7.267925452163281079e+02
1.099407078383041636e+02,9.305187965411194000e+02
7.061629800392723837e+02,1.059598862822015235e+02
-8.734835025889027520e+02,4.321132458374441399e+01
5.241449146586344909e+01,8.410766621334080355e+02
7.302096656736781597e+02,1.095062150782784443e+02
-5.700549919293166568e+02,-1.036866136997862320e+01
-7.996887933532271973e+02,1.041135420884185123e+02
-1.498578955106974497e+01,7.001292996587541211e+02
-4.713199725780802964e+02,-5.143741821622002135e+02
-8.928459441155285958e+02,1.446669768001704171e+01
-9.329241019227968081e+02,6.111309716715971518e+01
6.842403951319880662e+02,2.417281404064633534e+02
6.383314693024939288e+02,1.048353803298413567e+02
4.978446487021558369e+02,2.025892593535036497e+02
1.194420808789265180e+02,7.401338920416120573e+02
-7.190257562351594061e+02,-1.353485924526306583e+01
9.844642446802840823e+02,-7.648090579939279223e+02
7.100555994945656266e+02,3.124129912988473734e+02
6.934524006895915136e+02,3.113077983225491039e+02
-1.247519629022092325e+01,6.135624913203878350e+02
-3.531744362607512357e+02,-6.431729019207069769e+02
-6.644123830548500109e+02,-7.707652816595505101e+02
-8.137128883508977424e+02,-3.545482237813195070e+01
8.376575303370229619e+01,8.804511424822607069e+02
-9.149561131410046073e+02,-9.180278153996896151e+01
-5.509906665979659692e+02,-7.454731914065112051e+02
1.084054260943719328e+03,-9.823527328278624964e+02
5.613600331197582136e+02,1.855718339082447699e+02
1.206407709148462573e+03,-9.109038809883595604e+02
8.416976574771762216e+02,2.542071766124006160e+02
-4.100019385601122508e+02,-6.213306566408065237e+02
8.670461386054879540e+02,-8.349710557204213046e+02
-6.892522294302411865e+02,-7.636082187677994852e+02
-9.083086243750186668e+02,7.902004803063893235e+01
-6.591734558272559070e+02,-7.623348733559191714e+02
-5.185020709756856832e+02,-7.694630949249051355e+02
-3.715346181942601334e+02,-5.306038309274455287e+02
1.162925976772911781e+03,-9.005987299415920688e+02
-7.140653747095899462e+02,-5.250162919400296460e+02
-7.263354255052105373e+02,1.091302335666929935e+01
1.529648987660020509e+02,9.017387337994024392e+02
-5.146112410039149836e+02,-7.199153593806059916e+02
5.062537058583308180e+02,2.614662147271566255e+02
-7.648218151014609703e+02,-1.460240298422373257e+02
2.215637419595843483e+02,6.818339175026088697e+02
2.363287144677565550e+02,8.978727563976823376e+02
7.504913945758169120e+02,1.935381886521849708e+02
5.745090553997598590e+02,7.224808731045716570e+01
7.077446234112454704e+02,1.017862248416953577e+02
-5.929422683035154478e+02,-5.951782278396225365e+02
-6.517118219125675296e+02,8.672774456699382029e+01
-5.716602398813842001e+02,-5.230195837908050294e+01
1.114353906197913375e+03,-9.540774839941331038e+02
-5.408758795637654657e+02,-5.970853630523853326e+02
-1.372484814842593881e-01,8.481071936519176688e+02
5.486017048513028840e+02,1.551514443380823138e+02
1.089267246735578055e+03,-1.026155486576945577e+03
-8.129019425586346870e+02,-4.745270543202065738e+01
9.648398463281461090e+01,1.144025069820052522e+03
1.353983692357012956e+02,9.837205631924017553e+02
-5.881078710363603932e+02,-6.609883110186327713e+02
4.591035787750698205e+01,8.480224356027354133e+02
-7.109601605974412450e+02,-4.622035198976964665e+01
9.748075111333171208e+02,-6.881125349288937514e+02
-8.528379738108440051e+02,-2.041951258656157364e+01
1.115728557200327032e+03,-1.003442398757118326e+03
7.037323645811640915e+01,8.585012832965683174e+02
-8.168829613113086907e+02,6.812968798101508128e+01
6.124458091718312289e+02,2.081553075970850557e+02
5.976438208614332552e+02,2.171282770169221692e+02
-5.312037838455694327e+02,-5.671973567320375196e+02
8.493440831685662715e+02,-9.982633411140966473e+02
-6.371512706735891243e+02,1.458929879666220941e+01
1.303234603538410568e+02,6.689868085694903357e+02
1.035355443317185063e+03,-9.868004613481061824e+02
2.105936873557316460e+02,6.346052412557395428e+02
-5.933850212439701863e+02,-6.835569195026295120e+02
1.219767987418145367e+03,-9.219309580696989315e+02
-6.628524534842709954e+02,-6.319784890921804390e+02
8.380153634651380798e+02,-9.868037977524461439e+02
-7.073489814113255534e+02,-2.766026910237430414e+00
1.057132166851588181e+03,-1.011796847263493419e+03
2.069448266197516162e+01,8.182759075475194095e+02
9.701716774901265126e+02,-1.064839944339159956e+03
-7.128570024468741622e+02,3.282291213779990358e+01
8.972791013387717385e+02,-8.810067915652600732e+02
-6.591390299392830912e+02,4.203660223127080542e+01
2.432174917145292738e+02,5.988138451179601134e+02
7.166590133027204956e+02,3.150367635469934271e+02
1.450031947525723695e+02,7.471168580602951579e+02
6.661397921392147055e+02,8.656644176628519460e+01
-5.961295235177152563e+02,-6.692798476000688197e+02
-6.043791699106955093e+02,-5.482964148278879293e+02
1.799680418404572038e+02,8.742539154404964847e+02
-2.644530573808413010e+01,8.656480302194750038e+02
6.245056011234153175e+02,2.171139701440572480e+02
-6.434208496494301244e+02,-2.377206835286508380e+01
-7.149899876013453195e+02,-5.537636912657654875e+01
-6.755624296966624343e+02,-6.955901598593435438e+02
-7.227165267124084949e+02,-5.599028174626852206e+02
-8.633438702503345894e+02,-4.308186850620923281e+01
9.219905684769300933e+02,-8.142508392696807960e+02
-7.631935207963205130e+02,7.160579216860686813e+01
4.368046897269906026e+02,-1.083186277683883425e+01
5.675574449940261275e+02,1.294066821947822064e+02
-6.032703035146990942e+02,-5.059534997823083131e+02
6.338078009504687316e+02,1.965974492898432970e+02
-5.035575645930605333e+02,-5.816635113897533529e+02
9.275299483195349239e+02,-8.920631159367749206e+02
1.115552210175094842e+03,-9.071233516407900197e+02
-4.485736899391866359e+02,-6.947055587256940044e+02
-7.004632052423660298e+02,-7.506461276820020885e+02
-9.450474975738549119e+02,5.917933100588549422e+01
9.873031500184166589e+02,-7.489469241779471531e+02
-8.290025270776983461e+02,1.084680595685660052e+02
-5.438865113856465996e+02,-6.307966554199427947e+02
-6.955087385248704095e+02,-1.362481918732718782e+02
-6.407416340294871304e+01,1.000654583775148581e+03
6.678734031292580084e+02,3.910703072407603145e+02
6.445853041281923197e+02,3.289419606646163174e+02
-8.406691759188418018e+02,-5.926131977223980840e+01
3.124424067667217173e+02,8.238937065288887425e+02
-3.925292223873814237e+02,-6.306652655015494702e+02
-1.403677122887060591e+02,7.899112954273244895e+02
-4.845719816952450287e+02,-7.451497511263896740e+02
6.636676203675128818e+02,3.145866070015186438e+02
8.391695449464708645e+02,2.484055301238473703e+02
1.654183323970062816e+02,7.865212430864366979e+02
1.101866318917309400e+03,-8.034816862095983652e+02
7.158064854899784279e+01,7.493742447418195525e+02
4.757499670439175929e+02,2.515388227276174007e+02
9.473340259733934090e+02,-8.643435694504174762e+02
7.728199934789352028e+02,-1.001422115246452563e+03
8.750767769329139583e+02,-7.146505711147225384e+02
1.138491285568021340e+03,-1.077169497673438855e+03
-7.670109242433214831e+02,-2.697028606527731043e+01
1.176153274994724370e+03,-7.667831523727867307e+02
1.013511929054735901e+03,-7.811547374517346043e+02
8.721033981088588689e+02,-9.640652370368212587e+02
1.023500422342617782e+02,7.985568570862969864e+02
6.982583396687948607e+02,1.010409765273410159e+02
-5.324703740220795680e+02,-5.954297918579035240e+02
-4.086277320325735332e+02,-7.563777519876850874e+02
-6.838725528183078950e+02,4.717482004194551592e+01
5.985038243422975484e+02,3.642961712118903961e+02
5.444820815104357052e+02,1.509562033419968827e+02
5.714856116066384857e+02,-2.234684730703990141e+01
-3.467507962788500890e+02,-4.267212005575096327e+02
-8.404681065474592288e+02,1.735464503512936574e+02
5.242519136658048637e+02,1.878041933536229067e+02
-5.810861570171173298e+02,-6.571516178502778303e+02
-7.509944059256922628e+02,-7.519448677878085618e+01
-4.874757804097174017e+02,-7.049534967520954751e+02
6.585532463285858285e+02,1.166511657081060775e+02
1.105683051352405215e+02,8.221898174086293238e+02
1.791532552057390717e+02,7.017818403485301815e+02
6.200984079617585394e+02,2.001242916170676551e+02
8.472044630503697817e+02,2.394639150078465377e+02
1.353856780017470669e+02,6.919908861893729863e+02
-6.506413982234389550e+02,7.328979472783525750e+01
1.344922878176121230e+02,7.924001447516575354e+02
6.111900243605315382e+02,8.756210957985358334e+01
-7.486317067177714080e+02,-9.173117351050377977e+01
-5.786297621081311036e+02,-7.171409072018062716e+02
7.269149704781756327e+02,1.479457754400086174e+02
-5.639070447950057314e+02,-6.868901600852384490e+02
-7.479981452708620964e+02,-5.928050161949989842e+02
7.350835827270306027e+02,-1.947056130072396130e+01
7.087810292008970237e+02,3.958478450012819394e+02
6.393134977685898548e+02,1.643465889745954769e+02
1.075897542076889977e+03,-9.768553636705908048e+02
-3.286627214900851186e+02,-8.496871522111813420e+02
2.494253271840421746e+02,8.529449224362793984e+02
1.142372146982755112e+03,-1.032388430379261536e+03
-7.338494298066279953e+02,-4.610607304725681033e+00
1.103811465888213661e+03,-9.039966775031008410e+02
-6.294443160641230861e+02,-3.664942129391468484e+01
7.395329612196018587e+00,9.355919532997677379e+02
8.674546064277219557e+02,-7.899899035398365186e+02
7.471255858770806526e+02,1.746620437910668784e+02
-8.303191881372645184e+02,3.376093960165368344e+02
1.234226206399923740e+02,8.514343006811757277e+02
9.536741570848272431e+02,-8.114977518859320753e+02
6.676828472240425754e+02,1.293521793944050557e+02
-4.363522418220439363e+02,-6.287652585433737613e+02
8.929983345850299656e+02,-8.984732383507614486e+02
1.363444419161452288e+02,6.992766378451934770e+02
-7.874807562806629448e+02,6.735215843863058183e+01
1.086559903379174330e+03,-8.868875520619278632e+02
-8.584671977282499711e+02,1.194598414100232020e+02
1.075976713182744561e+03,-8.817095024795569316e+02
1.078963270536551136e+03,-9.836805937096648904e+02
1.082766405146219313e+03,-9.040397364260855966e+02
8.416535266281925942e+02,2.777797835285584824e+02
2.166279273448371612e+02,8.661344382466849083e+02
1.388171057903751375e+02,7.438661221987453018e+02
-4.720378080555716451e+02,-8.021956528051241548e+02
-7.381487449919143273e+02,1.175208125745302254e+02
7.156393412932245610e+02,1.152073613647407342e+02
-7.484472065072575333e+02,-6.169370591544197424e+00
-8.775219996799530691e+02,1.021653363154605927e+02
1.103561368191202973e+03,-7.024473623548966543e+02
1.036659581323528755e+03,-1.127664164642707192e+03
-5.477562362666432136e+02,-4.837679029317828849e+02
9.889639210141542662e+02,-9.831573313618306429e+02
-5.877453658984721869e+02,-6.042933815242101900e+02
6.111973863836044529e+02,7.163961303233044475e+01
6.435097821675125260e+02,2.757729434437227951e+02
-9.071025682369494234e+02,-8.553683227533127820e+01
7.293854993988752540e+02,2.078199328219141933e+02
1.080173289162085666e+03,-9.208585338173907076e+02
-5.965792025228394095e+02,-5.129273063689486207e+02
8.451116507113572140e+01,9.575678582765560805e+02
6.377251769830200345e+01,8.614107705924143374e+02
-8.035073783491565109e+02,1.261796521343787987e+02
-5.935068321205561688e+02,-6.461106940859328915e+02
2.527302503672169678e+02,9.054752724047234551e+02
1.978761592816810264e+02,8.118221879832181003e+02
8.867596992389411525e+02,-1.103025809043030222e+03
6.251180153761164604e+01,7.422474158677036939e+02
1.482645106615654811e+02,8.877917954035382309e+02
1.422236512915199000e+02,5.750497200172586645e+02
-4.204242817862805168e+02,-8.698355843850381461e+02
-6.264642996872372578e+02,1.913495668258778437e+02
-4.987978165018698746e+02,1.411575662084245586e+01
1.057524896416849742e+03,-8.764503593811912197e+02
-5.437093404615915233e+02,-8.232134958291995872e+02
-7.518233618094673147e+02,4.077967452332109133e+01
-7.968276964837543801e+02,-1.101465457450546381e+02
-7.113755537822817132e+02,1.371565452543973436e+02
-7.301993534853561414e+02,-8.380308995985664069e+02
-7.491925800502427819e+02,1.044786947861738895e+02
-8.725530895272354428e+02,3.572544338627805161e+01
8.813733274662387203e+02,-8.803151472044121419e+02
1.378956750779973675e+02,8.170929210064645076e+02
-7.737363550330674578e+00,8.697890700637519785e+02
1.151326468469266501e+03,-7.740492138658153181e+02
1.135669615869033350e+03,-9.638102610346821848e+02
5.709442592178526183e+02,3.010830186995076474e+02
-8.225020377500840141e+02,1.312639204561369581e+02
5.297456048371918769e+02,1.314759984670025688e+02
1.215248201995069621e+02,6.917145115647027751e+02
8.216677351451467075e+02,2.664392069514188961e+02
8.471917815434857175e+02,-9.424464555056564450e+02
-7.728139196058991729e+02,2.874056104394703084e+02
-4.631489898446867528e+02,-7.128123056552858543e+02
5.610944113675499239e+02,2.197040437919876865e+02
-8.331900847583586938e+02,1.090205733875634593e+02
9.071386223111609297e+02,-9.540884933984373220e+02
2.574964235145892530e+02,7.668501090069145221e+02
-2.864182453986957455e+01,8.351505975056628586e+02
7.172228827256446948e+01,7.748386766956618885e+02
-8.757658324544025845e+02,-1.502747292850204133e+02
5.682386935443181528e+02,3.008407876506942102e+02
-8.171182088212017334e+02,-4.268194561882483384e+01
-5.894609248469636213e+02,-7.102127585360886997e+02
5.781233892616687626e+02,1.337215997991241068e+02
-4.789963384289063697e+02,-7.105196479970946939e+02
9.706052214744252069e+02,-8.986985380175409546e+02
8.281045731368944871e+02,9.281445916988432998e+01
9.408551724498905742e+02,-9.000150195676221756e+02
1.050909688544717937e+03,-8.804157108620111103e+02
-7.897566245699132423e+02,4.399964932033563869e+00
-7.942003847855129379e+02,3.381418785665925952e+01
5.211102319877554692e+02,3.150098222986110272e+02
-6.486159465625166831e+02,-9.147940159011133119e+02
7.745984980893421152e+02,1.872291244601977382e+02
6.967198199305593107e+02,2.009747367610136735e+02
-8.228753558383739346e+02,5.316043648211381978e+00
-6.749092782982081644e+02,-2.178616577457785297e+01
-4.819584291307597255e+02,-7.392381719642540929e+02
-6.094490841173899298e+02,-3.900346826689754494e+02
-7.467630353987863145e+02,-7.816093070901070305e+00
-6.481763265261826064e+02,-5.306813373524779820e+01
-8.026194386191391459e+02,-8.021976406439402751e+01
9.953533565219265711e+02,-9.542038577149417051e+02
6.332726182436266527e+02,4.842596424665777732e+01
7.381604759461064305e+02,2.560968225703477401e+02
-5.342908910851790552e+02,-7.211072889081195854e+02
-4.870415020529108574e+02,-6.970879830792475786e+02
9.247717323662637909e+02,-8.965891294118686119e+02
8.042187347162939659e+01,6.828947318877302450e+02
-6.682148807066199652e+02,-5.586867230319336386e+02
2.968664493922648830e+02,8.774524918423295503e+02
9.625151712778795172e+02,-8.804248148418541859e+02
3.176481863599085500e+02,8.208302922620833897e+02
8.954936629582745411e+01,7.034585650422609433e+02
-7.865962139077966242e+01,7.868862264656100933e+02
1.451532649972900302e+01,8.712160022684485057e+02
-4.510140785917939183e+02,-6.340196949965479689e+02
1.896206411341064211e+02,6.906530597216360547e+02
1.470096899234593479e+01,7.847646493913371160e+02
-1.885476690197669711e+02,9.228389566716820127e+02
9.987962753573838199e+02,-9.411680492722041436e+02
-6.246823785073329418e+02,1.103668644327507735e+02
6.735770924040405134e+02,3.063601459956517488e+02
-1.671248216133917097e+01,9.463716288853649985e+02
9.795773714738082845e+02,-8.785353012120417588e+02
5.775714030788333275e+02,-2.655866596690577097e+01
6.763502784082801327e+02,2.044200031648126696e+02
5.830199091225582464e+01,7.003094358008888776e+02
5.859678751487998625e+02,2.901637928735485161e+02
1.066246409598956461e+03,-9.382711599117702690e+02
-5.067657530200277733e+02,-6.930980022081932930e+02
-6.756146431574974542e+01,8.766255314082686709e+02
6.776783592957156088e+02,1.361551422753737768e+02
5.716406730369019442e+02,2.753437510809071682e+02
5.093306196081000792e+01,9.021900486725678547e+02
-6.397090416367458374e+02,-6.070734671375990956e+02
5.487297264002613701e+02,1.101890330858797284e+02
5.914837968186022863e+02,9.762912810901097771e+01
1.716814081355022097e+02,9.486718237297590122e+02
1.440177118861758210e+01,9.256258553659340578e+02
1.004148148615152877e+03,-8.436181865283626848e+02
9.452876846064870051e+02,-9.472988535625679560e+02
1.034405869596449065e+03,1.571449448923894465e+02
1.156649447187620012e+02,7.995650573016214366e+02
1.187581809070048600e+01,8.607934908835181886e+02
1.155902605030376435e+03,-8.787823405074451557e+02
-7.778464025204503969e+02,1.290334419458904449e+02
5.381768191173943023e+02,1.505945896535719157e+02
6.544136298239626512e+02,1.819118114065726957e+02
6.855700044838762324e+02,4.205005814709495553e+02
7.261900357490183069e+02,1.190598024766103293e+02
1.334648834033011724e+02,9.142829210765319203e+02
8.761937531342921659e+01,7.394339224200293756e+02
1.242600135620364654e+03,-7.174031197972575455e+02
-6.997062921055679681e+02,-2.987346913879044052e+01
7.514701688989600825e+02,1.227690120809840977e+02
-7.896463089024722422e+02,6.812283943052561597e+01
6.873109615073379075e+01,8.582908684227843423e+02
6.748651263555292701e+01,8.635153395207689755e+02
8.402266335126971626e+02,-8.010177765024610608e+02
7.243447158428715511e+02,2.702003411435330804e+02
1.014341947366303998e+03,-1.114291239677789463e+03
